{"cameraMode":{"drawMode":0,"name":"Shaded","section":"Shading Mode"},"sceneLighting":true,"audioPlay":false,"sceneViewState":{"showFog":true,"showMaterialUpdate":false,"showSkybox":true,"showFlares":true,"showImageEffects":true,"showParticleSystems":true},"in2DMode":false,"pivot":{"x":562.8323974609375,"y":612.349609375,"z":-112.32977294921875},"rotation":{"x":-0.14423181116580964,"y":0.7925422191619873,"z":-0.20556826889514924,"w":-0.5559038519859314},"size":533.7728271484375,"orthographic":false}