{"cameraMode":{"drawMode":0,"name":"Shaded","section":"Shading Mode"},"sceneLighting":false,"audioPlay":false,"sceneViewState":{"showFog":true,"showMaterialUpdate":false,"showSkybox":true,"showFlares":true,"showImageEffects":true,"showParticleSystems":true},"in2DMode":false,"pivot":{"x":-484.66094970703127,"y":266.1596374511719,"z":-102.97801971435547},"rotation":{"x":-0.064003586769104,"y":0.8512508273124695,"z":-0.10678195208311081,"w":-0.5099056959152222},"size":325.38885498046877,"orthographic":false}