{"cameraMode":{"drawMode":0,"name":"Shaded","section":"Shading Mode"},"sceneLighting":true,"audioPlay":false,"sceneViewState":{"showFog":true,"showMaterialUpdate":false,"showSkybox":true,"showFlares":true,"showImageEffects":true,"showParticleSystems":true},"in2DMode":false,"pivot":{"x":245.87078857421876,"y":693.9022827148438,"z":210.1577911376953},"rotation":{"x":-0.055536046624183658,"y":0.9424740076065064,"z":-0.19738101959228517,"w":-0.265829861164093},"size":373.9861755371094,"orthographic":false}